State,Date,Cases,Recovered,Active,Deaths
Andaman and Nicobar Islands,17/08/2021,7549,7419,1,129
Andhra Pradesh,17/08/2021,1994606,1963728,17218,13660
Arunachal Pradesh,17/08/2021,51513,49425,1836,252
Assam,17/08/2021,580657,566101,9054,5502
Bihar,17/08/2021,725497,715635,213,9649
Chandigarh,17/08/2021,62031,61177,43,811
Chhattisgarh,17/08/2021,1003814,989128,1138,13548
Dadra and Nagar Haveli and Daman and Diu,17/08/2021,10657,10648,5,4
Delhi,17/08/2021,1437118,1411582,467,25069
Goa,17/08/2021,172568,168519,873,3176
Gujarat,17/08/2021,825196,814934,184,10078
Haryana,17/08/2021,770230,759904,666,9660
Himachal Pradesh,17/08/2021,210419,204173,2695,3551
Jammu and Kashmir,17/08/2021,323499,317872,1229,4398
Jharkhand,17/08/2021,347620,342253,236,5131
Karnataka,17/08/2021,2930529,2871448,22074,37007
Kerala,17/08/2021,3702417,3510909,172765,18743
Ladakh,17/08/2021,20455,20171,77,207
Lakshadweep,17/08/2021,10294,10204,39,51
Madhya Pradesh,17/08/2021,792043,781434,94,10515
Maharashtra,17/08/2021,6396805,6195744,65922,135139
Manipur,17/08/2021,108545,100559,6270,1716
Meghalaya,17/08/2021,72160,67164,3761,1235
Mizoram,17/08/2021,49350,39656,9510,184
Nagaland,17/08/2021,29195,27437,1153,605
Odisha,17/08/2021,995433,979407,9073,6953
Puducherry,17/08/2021,122331,119634,892,1805
Punjab,17/08/2021,599972,583071,557,16344
Rajasthan,17/08/2021,953954,944820,180,8954
Sikkim,17/08/2021,28726,26297,2068,361
Tamil Nadu,17/08/2021,2590632,2535715,20370,34547
Telangana,17/08/2021,652785,641847,7093,3845
Tripura,17/08/2021,81443,79164,1497,782
Uttarakhand,17/08/2021,342606,334893,342,7371
Uttar Pradesh,17/08/2021,1708965,1685761,419,22785
West Bengal,17/08/2021,1539065,1510921,9832,18312
Andaman and Nicobar Islands,18/08/2021,7549,7419,1,129
Andhra Pradesh,18/08/2021,1995669,1965657,16341,13671
Arunachal Pradesh,18/08/2021,51655,49640,1763,252
Assam,18/08/2021,581398,567113,8772,5513
Bihar,18/08/2021,725518,715665,204,9649
Chandigarh,18/08/2021,62035,61182,42,811
Chhattisgarh,18/08/2021,1003870,989284,1037,13549
Dadra and Nagar Haveli and Daman and Diu,18/08/2021,10657,10649,4,4
Delhi,18/08/2021,1437156,1411612,471,25073
Goa,18/08/2021,172683,168622,884,3177
Gujarat,18/08/2021,825213,814956,179,10078
Haryana,18/08/2021,770245,759924,660,9661
Himachal Pradesh,18/08/2021,210719,204457,2705,3557
Jammu and Kashmir,18/08/2021,323582,318025,1158,4399
Jharkhand,18/08/2021,347635,342286,217,5132
Karnataka,18/08/2021,2931827,2873281,21507,37039
Kerala,18/08/2021,3724030,3529465,175695,18870
Ladakh,18/08/2021,20466,20178,81,207
Lakshadweep,18/08/2021,10295,10210,34,51
Madhya Pradesh,18/08/2021,792054,781444,95,10515
Maharashtra,18/08/2021,6401213,6201168,64790,135255
Manipur,18/08/2021,108948,101505,5721,1722
Meghalaya,18/08/2021,72412,67581,3591,1240
Mizoram,18/08/2021,49950,40681,9084,185
Nagaland,18/08/2021,29274,27579,1088,607
Odisha,18/08/2021,996153,980471,8661,7021
Puducherry,18/08/2021,122391,119730,856,1805
Punjab,18/08/2021,600008,583120,543,16345
Rajasthan,18/08/2021,953960,944843,163,8954
Sikkim,18/08/2021,28830,26485,1982,363
Tamil Nadu,18/08/2021,2592436,2537632,20225,34579
Telangana,18/08/2021,653202,642416,6939,3847
Tripura,18/08/2021,81584,79366,1436,782
Uttarakhand,18/08/2021,342637,334934,330,7373
Uttar Pradesh,18/08/2021,1708991,1685785,420,22786
West Bengal,18/08/2021,1539612,1511558,9736,18318
Andaman and Nicobar Islands,19/08/2021,7550,7419,2,129
Andhra Pradesh,19/08/2021,1997102,1967472,15944,13686
Arunachal Pradesh,19/08/2021,51799,49860,1685,254
Assam,19/08/2021,582037,568137,8372,5528
Bihar,19/08/2021,725534,715697,188,9649
Chandigarh,19/08/2021,62045,61190,44,811
Chhattisgarh,19/08/2021,1003934,989411,974,13549
Dadra and Nagar Haveli and Daman and Diu,19/08/2021,10657,10649,4,4
Delhi,19/08/2021,1437192,1411688,427,25077
Goa,19/08/2021,172763,168705,880,3178
Gujarat,19/08/2021,825236,814972,186,10078
Haryana,19/08/2021,770266,759938,666,9662
Himachal Pradesh,19/08/2021,210980,204689,2733,3558
Jammu and Kashmir,19/08/2021,323682,318157,1125,4400
Jharkhand,19/08/2021,347667,342310,225,5132
Karnataka,19/08/2021,2933192,2874839,21292,37061
Kerala,19/08/2021,3745457,3548196,178212,19049
Ladakh,19/08/2021,20472,20186,79,207
Lakshadweep,19/08/2021,10299,10212,36,51
Madhya Pradesh,19/08/2021,792063,781455,93,10515
Maharashtra,19/08/2021,6406345,6209364,61568,135413
Manipur,19/08/2021,109317,102083,5506,1728
Meghalaya,19/08/2021,72656,67999,3405,1252
Mizoram,19/08/2021,50437,42019,8230,188
Nagaland,19/08/2021,29331,27667,1056,608
Odisha,19/08/2021,997146,981316,8744,7086
Puducherry,19/08/2021,122542,119804,933,1805
Punjab,19/08/2021,600060,583170,545,16345
Rajasthan,19/08/2021,953969,944862,153,8954
Sikkim,19/08/2021,28981,26759,1859,363
Tamil Nadu,19/08/2021,2594233,2539540,20083,34610
Telangana,19/08/2021,653626,642865,6912,3849
Tripura,19/08/2021,81737,79450,1503,784
Uttarakhand,19/08/2021,342668,334963,331,7374
Uttar Pradesh,19/08/2021,1709025,1685819,419,22787
West Bengal,19/08/2021,1540258,1512218,9715,18325
Andaman and Nicobar Islands,20/08/2021,7553,7419,5,129
Andhra Pradesh,20/08/2021,1998603,1969169,15738,13696
Arunachal Pradesh,20/08/2021,51919,50100,1564,255
Assam,20/08/2021,582750,568916,8296,5538
Bihar,20/08/2021,725549,715721,179,9649
Chandigarh,20/08/2021,62051,61196,44,811
Chhattisgarh,20/08/2021,1003995,989485,959,13551
Dadra and Nagar Haveli and Daman and Diu,20/08/2021,10657,10649,4,4
Delhi,20/08/2021,1437217,1411690,448,25079
Goa,20/08/2021,172846,168764,902,3180
Gujarat,20/08/2021,825255,814994,183,10078
Haryana,20/08/2021,770291,759956,671,9664
Himachal Pradesh,20/08/2021,211277,205055,2663,3559
Jammu and Kashmir,20/08/2021,323792,318283,1109,4400
Jharkhand,20/08/2021,347690,342335,223,5132
Karnataka,20/08/2021,2934624,2876377,21159,37088
Kerala,20/08/2021,3766573,3567492,179835,19246
Ladakh,20/08/2021,20480,20192,81,207
Lakshadweep,20/08/2021,10301,10215,35,51
Madhya Pradesh,20/08/2021,792081,781471,95,10515
Maharashtra,20/08/2021,6411570,6214921,61082,135567
Manipur,20/08/2021,109843,102603,5508,1732
Meghalaya,20/08/2021,72985,68307,3421,1257
Mizoram,20/08/2021,50959,43145,7624,190
Nagaland,20/08/2021,29390,27758,1024,608
Odisha,20/08/2021,998187,982319,8714,7154
Puducherry,20/08/2021,122676,119899,971,1806
Punjab,20/08/2021,600123,583205,571,16347
Rajasthan,20/08/2021,953981,944874,153,8954
Sikkim,20/08/2021,29075,26905,1806,364
Tamil Nadu,20/08/2021,2595935,2541432,19864,34639
Telangana,20/08/2021,654035,643318,6865,3852
Tripura,20/08/2021,81826,79634,1407,785
Uttarakhand,20/08/2021,342701,334983,342,7376
Uttar Pradesh,20/08/2021,1709050,1685854,407,22789
West Bengal,20/08/2021,1540989,1512999,9653,18337
Andaman and Nicobar Islands,21/08/2021,7556,7419,8,129
Andhra Pradesh,21/08/2021,2000038,1970864,15472,13702
Arunachal Pradesh,21/08/2021,52044,50317,1470,257
Assam,21/08/2021,583458,569650,8257,5551
Bihar,21/08/2021,725560,715742,169,9649
Chandigarh,21/08/2021,62056,61201,43,812
Chhattisgarh,21/08/2021,1004043,989560,931,13552
Dadra and Nagar Haveli and Daman and Diu,21/08/2021,10657,10650,3,4
Delhi,21/08/2021,1437274,1411736,459,25079
Goa,21/08/2021,172966,168878,906,3182
Gujarat,21/08/2021,825272,815008,186,10078
Haryana,21/08/2021,770312,759972,675,9665
Himachal Pradesh,21/08/2021,211432,205457,2413,3562
Jammu and Kashmir,21/08/2021,323951,318409,1141,4401
Jharkhand,21/08/2021,347707,342360,215,5132
Karnataka,21/08/2021,2936077,2877785,21187,37105
Kerala,21/08/2021,3786797,3584634,182818,19345
Ladakh,21/08/2021,20483,20204,72,207
Lakshadweep,21/08/2021,10306,10222,33,51
Madhya Pradesh,21/08/2021,792089,781479,95,10515
Maharashtra,21/08/2021,6415935,6221305,58958,135672
Manipur,21/08/2021,110215,104173,4303,1739
Meghalaya,21/08/2021,73217,68583,3373,1261
Mizoram,21/08/2021,51604,44368,7044,192
Nagaland,21/08/2021,29482,27841,1032,609
Odisha,21/08/2021,999173,983245,8705,7223
Puducherry,21/08/2021,122773,120004,963,1806
Punjab,21/08/2021,600180,583291,538,16351
Rajasthan,21/08/2021,953995,944886,155,8954
Sikkim,21/08/2021,29157,27087,1706,364
Tamil Nadu,21/08/2021,2597603,2543319,19621,34663
Telangana,21/08/2021,654394,643812,6728,3854
Tripura,21/08/2021,81941,79871,1285,785
Uttarakhand,21/08/2021,342716,335007,333,7376
Uttar Pradesh,21/08/2021,1709076,1685877,408,22791
West Bengal,21/08/2021,1541747,1513766,9635,18346
Andaman and Nicobar Islands,22/08/2021,7557,7419,9,129
Andhra Pradesh,22/08/2021,2001255,1972399,15141,13715
Arunachal Pradesh,22/08/2021,52165,50526,1382,257
Assam,22/08/2021,584098,570308,8224,5566
Bihar,22/08/2021,725568,715772,147,9649
Chandigarh,22/08/2021,62062,61206,44,812
Chhattisgarh,22/08/2021,1004117,989668,897,13552
Dadra and Nagar Haveli and Daman and Diu,22/08/2021,10659,10651,4,4
Delhi,22/08/2021,1437293,1411784,430,25079
Goa,22/08/2021,173088,168989,915,3184
Gujarat,22/08/2021,825287,815024,184,10079
Haryana,22/08/2021,770331,759990,675,9666
Himachal Pradesh,22/08/2021,211632,205793,2276,3563
Jammu and Kashmir,22/08/2021,324095,318535,1159,4401
Jharkhand,22/08/2021,347725,342380,213,5132
Karnataka,22/08/2021,2937427,2879433,20871,37123
Kerala,22/08/2021,3803903,3605480,178995,19428
Ladakh,22/08/2021,20491,20216,68,207
Lakshadweep,22/08/2021,10308,10231,26,51
Madhya Pradesh,22/08/2021,792096,781493,88,10515
Maharashtra,22/08/2021,6420510,6227219,57474,135817
Manipur,22/08/2021,110657,104771,4139,1747
Meghalaya,22/08/2021,73448,69043,3136,1269
Mizoram,22/08/2021,52180,45418,6568,194
Nagaland,22/08/2021,29554,27951,994,609
Odisha,22/08/2021,1000084,984224,8571,7289
Puducherry,22/08/2021,122832,120116,908,1808
Punjab,22/08/2021,600225,583380,493,16352
Rajasthan,22/08/2021,954018,944897,167,8954
Sikkim,22/08/2021,29244,27250,1630,364
Tamil Nadu,22/08/2021,2599255,2545178,19391,34686
Telangana,22/08/2021,654758,644294,6608,3856
Tripura,22/08/2021,82050,80016,1249,785
Uttarakhand,22/08/2021,342737,335039,321,7377
Uttar Pradesh,22/08/2021,1709100,1685901,407,22792
West Bengal,22/08/2021,1542425,1514475,9594,18356
Andaman and Nicobar Islands,23/08/2021,7557,7420,8,129
Andhra Pradesh,23/08/2021,2002340,1973940,14677,13723
Arunachal Pradesh,23/08/2021,52214,50695,1260,259
Assam,23/08/2021,584434,570847,8011,5576
Bihar,23/08/2021,725588,715798,141,9649
Chandigarh,23/08/2021,65066,64213,41,812
Chhattisgarh,23/08/2021,1004144,989728,863,13553
Dadra and Nagar Haveli and Daman and Diu,23/08/2021,10659,10651,4,4
Delhi,23/08/2021,1437317,1411840,398,25079
Goa,23/08/2021,173164,169080,899,3185
Gujarat,23/08/2021,825302,815041,182,10079
Haryana,23/08/2021,770347,760004,676,9667
Himachal Pradesh,23/08/2021,211746,206103,2074,3569
Jammu and Kashmir,23/08/2021,324202,318635,1165,4402
Jharkhand,23/08/2021,347730,342421,177,5132
Karnataka,23/08/2021,2938616,2880889,20582,37145
Kerala,23/08/2021,3814305,3631066,163745,19494
Ladakh,23/08/2021,20491,20223,61,207
Lakshadweep,23/08/2021,10309,10235,23,51
Madhya Pradesh,23/08/2021,792101,781499,86,10516
Maharashtra,23/08/2021,6424651,6231999,56690,135962
Manipur,23/08/2021,110942,105197,3994,1751
Meghalaya,23/08/2021,73765,69425,3062,1278
Mizoram,23/08/2021,52472,46290,5982,200
Nagaland,23/08/2021,29589,28004,975,610
Odisha,23/08/2021,1000937,985302,8277,7358
Puducherry,23/08/2021,122892,120237,847,1808
Punjab,23/08/2021,600266,583426,488,16352
Rajasthan,23/08/2021,954023,944917,152,8954
Sikkim,23/08/2021,29314,27366,1583,365
Tamil Nadu,23/08/2021,2600885,2547005,19171,34709
Telangana,23/08/2021,654989,644747,6384,3858
Tripura,23/08/2021,82095,80213,1095,787
Uttarakhand,23/08/2021,342749,335055,317,7377
Uttar Pradesh,23/08/2021,1709119,1685954,373,22792
West Bengal,23/08/2021,1542986,1515161,9461,18364
Andaman and Nicobar Islands,24/08/2021,7559,7420,10,129
Andhra Pradesh,24/08/2021,2003342,1975448,14159,13735
Arunachal Pradesh,24/08/2021,52308,50887,1162,259
Assam,24/08/2021,585134,571552,7995,5587
Bihar,24/08/2021,725596,715834,112,9650
Chandigarh,24/08/2021,65068,64220,36,812
Chhattisgarh,24/08/2021,1004183,989920,709,13554
Dadra and Nagar Haveli and Daman and Diu,24/08/2021,10659,10651,4,4
Delhi,24/08/2021,1437334,1411881,374,25079
Goa,24/08/2021,173221,169160,875,3186
Gujarat,24/08/2021,825316,815066,171,10079
Haryana,24/08/2021,770362,760026,668,9668
Himachal Pradesh,24/08/2021,211979,206375,2030,3574
Jammu and Kashmir,24/08/2021,324295,318838,1054,4403
Jharkhand,24/08/2021,347748,342451,165,5132
Karnataka,24/08/2021,2939767,2882331,20281,37155
Kerala,24/08/2021,3827688,3653008,155096,19584
Ladakh,24/08/2021,20499,20229,63,207
Lakshadweep,24/08/2021,10317,10238,28,51
Madhya Pradesh,24/08/2021,792104,781504,84,10516
Maharashtra,24/08/2021,6428294,6238794,53433,136067
Manipur,24/08/2021,111212,105751,3706,1755
Meghalaya,24/08/2021,74070,69859,2930,1281
Mizoram,24/08/2021,53317,46789,6328,200
Nagaland,24/08/2021,29622,28096,916,610
Odisha,24/08/2021,1001698,986334,7938,7426
Puducherry,24/08/2021,122934,120330,796,1808
Punjab,24/08/2021,600292,583518,421,16353
Rajasthan,24/08/2021,954030,944917,159,8954
Sikkim,24/08/2021,29340,27466,1507,367
Tamil Nadu,24/08/2021,2602489,2548868,18887,34734
Telangana,24/08/2021,655343,645174,6308,3861
Tripura,24/08/2021,82260,80335,1135,790
Uttarakhand,24/08/2021,342771,335081,313,7377
Uttar Pradesh,24/08/2021,1709126,1685972,362,22792
West Bengal,24/08/2021,1543496,1515789,9336,18371
Andaman and Nicobar Islands,25/08/2021,7560,7421,10,129
Andhra Pradesh,25/08/2021,2004590,1977163,13677,13750
Arunachal Pradesh,25/08/2021,52409,51023,1127,259
Assam,25/08/2021,585689,572084,8005,5600
Bihar,25/08/2021,725605,715853,102,9650
Chandigarh,25/08/2021,65069,64222,35,812
Chhattisgarh,25/08/2021,1004230,990022,653,13555
Dadra and Nagar Haveli and Daman and Diu,25/08/2021,10659,10651,4,4
Delhi,25/08/2021,1437485,1411995,411,25079
Goa,25/08/2021,173357,169239,932,3186
Gujarat,25/08/2021,825330,815091,160,10079
Haryana,25/08/2021,770380,760047,664,9669
Himachal Pradesh,25/08/2021,212260,206628,2054,3578
Jammu and Kashmir,25/08/2021,324420,318961,1055,4404
Jharkhand,25/08/2021,347755,342470,153,5132
Karnataka,25/08/2021,2941026,2884032,19810,37184
Kerala,25/08/2021,3851984,3672357,159870,19757
Ladakh,25/08/2021,20500,20238,55,207
Lakshadweep,25/08/2021,10318,10239,28,51
Madhya Pradesh,25/08/2021,792109,781509,84,10516
Maharashtra,25/08/2021,6432649,6243034,53260,136355
Manipur,25/08/2021,111598,106229,3610,1759
Meghalaya,25/08/2021,74232,70127,2820,1285
Mizoram,25/08/2021,54057,47192,6664,201
Nagaland,25/08/2021,29669,28170,888,611
Odisha,25/08/2021,1002323,987369,7461,7493
Puducherry,25/08/2021,123007,120433,765,1809
Punjab,25/08/2021,600342,583564,423,16355
Rajasthan,25/08/2021,954040,944958,128,8954
Sikkim,25/08/2021,29477,27562,1548,367
Tamil Nadu,25/08/2021,2604074,2550710,18603,34761
Telangana,25/08/2021,655732,645594,6276,3862
Tripura,25/08/2021,82384,80480,1113,791
Uttarakhand,25/08/2021,342786,335099,310,7377
Uttar Pradesh,25/08/2021,1709152,1686006,352,22794
West Bengal,25/08/2021,1544109,1516509,9217,18383
Andaman and Nicobar Islands,26/08/2021,7560,7424,7,129
Andhra Pradesh,26/08/2021,2006191,1978364,14061,13766
Arunachal Pradesh,26/08/2021,52525,51104,1162,259
Assam,26/08/2021,586378,572765,8006,5607
Bihar,26/08/2021,725636,715881,105,9650
Chandigarh,26/08/2021,65071,64223,36,812
Chhattisgarh,26/08/2021,1004282,990100,627,13555
Dadra and Nagar Haveli and Daman and Diu,26/08/2021,10660,10652,4,4
Delhi,26/08/2021,1437550,1412081,389,25080
Goa,26/08/2021,173434,169314,933,3187
Gujarat,26/08/2021,825347,815108,159,10080
Haryana,26/08/2021,770395,760065,660,9670
Himachal Pradesh,26/08/2021,212458,206821,2058,3579
Jammu and Kashmir,26/08/2021,324546,319064,1078,4404
Jharkhand,26/08/2021,347763,342491,140,5132
Karnataka,26/08/2021,2942250,2885700,19344,37206
Kerala,26/08/2021,3883429,3692628,170829,19972
Ladakh,26/08/2021,20515,20244,64,207
Lakshadweep,26/08/2021,10327,10243,33,51
Madhya Pradesh,26/08/2021,792114,781519,79,10516
Maharashtra,26/08/2021,6437680,6247414,53695,136571
Manipur,26/08/2021,111975,106640,3572,1763
Meghalaya,26/08/2021,74586,70479,2815,1292
Mizoram,26/08/2021,54851,47567,7082,202
Nagaland,26/08/2021,29718,28235,871,612
Odisha,26/08/2021,1003210,988090,7558,7562
Puducherry,26/08/2021,123078,120509,760,1809
Punjab,26/08/2021,600378,583619,401,16358
Rajasthan,26/08/2021,954048,944973,121,8954
Sikkim,26/08/2021,29524,27742,1415,367
Tamil Nadu,26/08/2021,2605647,2552507,18352,34788
Telangana,26/08/2021,656098,645939,6295,3864
Tripura,26/08/2021,82498,80541,1164,793
Uttarakhand,26/08/2021,342818,335121,320,7377
Uttar Pradesh,26/08/2021,1709173,1686034,345,22794
West Bengal,26/08/2021,1544817,1517239,9185,18393
Andaman and Nicobar Islands,27/08/2021,7560,7427,4,129
Andhra Pradesh,27/08/2021,2007730,1979504,14448,13778
Arunachal Pradesh,27/08/2021,52634,51224,1150,260
Assam,27/08/2021,586940,573541,7781,5618
Bihar,27/08/2021,725651,715894,107,9650
Chandigarh,27/08/2021,65077,64226,39,812
Chhattisgarh,27/08/2021,1004329,990179,595,13555
Dadra and Nagar Haveli and Daman and Diu,27/08/2021,10663,10653,6,4
Delhi,27/08/2021,1437595,1412102,413,25080
Goa,27/08/2021,173526,169385,950,3191
Gujarat,27/08/2021,825363,815126,157,10080
Haryana,27/08/2021,770411,760080,660,9671
Himachal Pradesh,27/08/2021,212727,207068,2077,3582
Jammu and Kashmir,27/08/2021,324647,319183,1060,4404
Jharkhand,27/08/2021,347794,342523,139,5132
Karnataka,27/08/2021,2943463,2886906,19326,37231
Kerala,27/08/2021,3913506,3711625,181747,20134
Ladakh,27/08/2021,20522,20249,66,207
Lakshadweep,27/08/2021,10328,10245,32,51
Madhya Pradesh,27/08/2021,792120,781528,76,10516
Maharashtra,27/08/2021,6442788,6252150,53908,136730
Manipur,27/08/2021,112355,106992,3596,1767
Meghalaya,27/08/2021,74817,70841,2682,1294
Mizoram,27/08/2021,55756,48080,7470,206
Nagaland,27/08/2021,29778,28321,845,612
Odisha,27/08/2021,1004059,988854,7577,7628
Puducherry,27/08/2021,123151,120575,767,1809
Punjab,27/08/2021,600420,583651,407,16362
Rajasthan,27/08/2021,954051,944990,107,8954
Sikkim,27/08/2021,29597,27821,1409,367
Tamil Nadu,27/08/2021,2607206,2554323,18069,34814
Telangana,27/08/2021,656455,646344,6246,3865
Tripura,27/08/2021,82600,80655,1150,795
Uttarakhand,27/08/2021,342843,335142,324,7377
Uttar Pradesh,27/08/2021,1709192,1686056,342,22794
West Bengal,27/08/2021,1545534,1517965,9167,18402
Andaman and Nicobar Islands,28/08/2021,7560,7428,3,129
Andhra Pradesh,28/08/2021,2009245,1980407,15050,13788
Arunachal Pradesh,28/08/2021,52760,51388,1112,260
Assam,28/08/2021,587439,574280,7532,5627
Bihar,28/08/2021,725672,715905,115,9652
Chandigarh,28/08/2021,65084,64230,42,812
Chhattisgarh,28/08/2021,1004360,990260,545,13555
Dadra and Nagar Haveli and Daman and Diu,28/08/2021,10663,10653,6,4
Delhi,28/08/2021,1437656,1412164,412,25080
Goa,28/08/2021,173606,169480,935,3191
Gujarat,28/08/2021,825376,815140,155,10081
Haryana,28/08/2021,770432,760096,664,9672
Himachal Pradesh,28/08/2021,212913,207363,1965,3585
Jammu and Kashmir,28/08/2021,324813,319259,1149,4405
Jharkhand,28/08/2021,347815,342537,146,5132
Karnataka,28/08/2021,2944764,2888520,18996,37248
Kerala,28/08/2021,3946307,3730198,195796,20313
Ladakh,28/08/2021,20530,20259,64,207
Lakshadweep,28/08/2021,10334,10250,33,51
Madhya Pradesh,28/08/2021,792136,781538,82,10516
Maharashtra,28/08/2021,6447442,6255451,55091,136900
Manipur,28/08/2021,112666,107410,3486,1770
Meghalaya,28/08/2021,75079,71120,2663,1296
Mizoram,28/08/2021,56642,48336,8100,206
Nagaland,28/08/2021,29841,28409,818,614
Odisha,28/08/2021,1004875,989840,7338,7697
Puducherry,28/08/2021,123231,120654,768,1809
Punjab,28/08/2021,600463,583689,410,16364
Rajasthan,28/08/2021,954068,945003,111,8954
Sikkim,28/08/2021,29639,27929,1342,368
Tamil Nadu,28/08/2021,2608748,2556116,17797,34835
Telangana,28/08/2021,656794,646761,6166,3867
Tripura,28/08/2021,82674,80788,1090,796
Uttarakhand,28/08/2021,342875,335174,321,7380
Uttar Pradesh,28/08/2021,1709208,1686083,329,22796
West Bengal,28/08/2021,1546237,1518684,9143,18410
Andaman and Nicobar Islands,29/08/2021,7560,7428,3,129
Andhra Pradesh,29/08/2021,2010566,1981906,14853,13807
Arunachal Pradesh,29/08/2021,52831,51508,1063,260
Assam,29/08/2021,588025,574955,7434,5636
Bihar,29/08/2021,725683,715918,112,9653
Chandigarh,29/08/2021,65087,64236,38,813
Chhattisgarh,29/08/2021,1004379,990314,510,13555
Dadra and Nagar Haveli and Daman and Diu,29/08/2021,10663,10653,6,4
Delhi,29/08/2021,1437685,1412212,393,25080
Goa,29/08/2021,173717,169572,952,3193
Gujarat,29/08/2021,825386,815154,151,10081
Haryana,29/08/2021,770445,760115,657,9673
Himachal Pradesh,29/08/2021,213122,207717,1814,3591
Jammu and Kashmir,29/08/2021,324979,319362,1211,4406
Jharkhand,29/08/2021,347829,342555,142,5132
Karnataka,29/08/2021,2945993,2889809,18923,37261
Kerala,29/08/2021,3977572,3751666,205440,20466
Ladakh,29/08/2021,20544,20265,72,207
Lakshadweep,29/08/2021,10336,10256,29,51
Madhya Pradesh,29/08/2021,792143,781548,79,10516
Maharashtra,29/08/2021,6452273,6259906,55341,137026
Manipur,29/08/2021,112941,107742,3424,1775
Meghalaya,29/08/2021,75336,71327,2710,1299
Mizoram,29/08/2021,57522,48968,8342,212
Nagaland,29/08/2021,29920,28478,828,614
Odisha,29/08/2021,1005654,990796,7093,7765
Puducherry,29/08/2021,123298,120790,698,1810
Punjab,29/08/2021,600514,583743,405,16366
Rajasthan,29/08/2021,954079,945009,116,8954
Sikkim,29/08/2021,29729,28027,1333,369
Tamil Nadu,29/08/2021,2610299,2557884,17559,34856
Telangana,29/08/2021,657119,647185,6065,3869
Tripura,29/08/2021,82775,80950,1028,797
Uttarakhand,29/08/2021,342894,335188,326,7380
Uttar Pradesh,29/08/2021,1709234,1686128,299,22807
West Bengal,29/08/2021,1546898,1519372,9109,18417
Andaman and Nicobar Islands,30/08/2021,7564,7430,5,129
Andhra Pradesh,30/08/2021,2012123,1983119,15179,13825
Arunachal Pradesh,30/08/2021,52870,51644,966,260
Assam,30/08/2021,588318,575629,7049,5640
Bihar,30/08/2021,725694,715928,113,9653
Chandigarh,30/08/2021,65093,64242,38,813
Chhattisgarh,30/08/2021,1004398,990363,480,13555
Dadra and Nagar Haveli and Daman and Diu,30/08/2021,10663,10653,6,4
Delhi,30/08/2021,1437716,1412244,392,25080
Goa,30/08/2021,173791,169651,945,3195
Gujarat,30/08/2021,825398,815166,151,10081
Haryana,30/08/2021,770456,760136,646,9674
Himachal Pradesh,30/08/2021,213245,207903,1750,3592
Jammu and Kashmir,30/08/2021,325148,319465,1276,4407
Jharkhand,30/08/2021,347842,342566,144,5132
Karnataka,30/08/2021,2947255,2891193,18784,37278
Kerala,30/08/2021,4007408,3773754,213113,20541
Ladakh,30/08/2021,20551,20273,71,207
Lakshadweep,30/08/2021,10338,10257,30,51
Madhya Pradesh,30/08/2021,792155,781559,80,10516
Maharashtra,30/08/2021,6456939,6263416,56366,137157
Manipur,30/08/2021,113328,108161,3388,1779
Meghalaya,30/08/2021,75601,71659,2636,1306
Mizoram,30/08/2021,57962,49239,8510,213
Nagaland,30/08/2021,29972,28549,806,617
Odisha,30/08/2021,1006503,991630,7039,7834
Puducherry,30/08/2021,123394,120890,692,1812
Punjab,30/08/2021,600551,583790,392,16369
Rajasthan,30/08/2021,954086,945009,123,8954
Sikkim,30/08/2021,29809,28218,1222,369
Tamil Nadu,30/08/2021,2611837,2559637,17322,34878
Telangana,30/08/2021,657376,647594,5912,3870
Tripura,30/08/2021,82849,81023,1028,798
Uttarakhand,30/08/2021,342910,335195,335,7380
Uttar Pradesh,30/08/2021,1709248,1686165,265,22818
West Bengal,30/08/2021,1547548,1520055,9070,18423
Andaman and Nicobar Islands,31/08/2021,7565,7431,5,129
Andhra Pradesh,31/08/2021,2013001,1984301,14862,13838
Arunachal Pradesh,31/08/2021,52960,51800,900,260
Assam,31/08/2021,588856,576241,6960,5655
Bihar,31/08/2021,725700,715941,106,9653
Chandigarh,31/08/2021,65099,64246,40,813
Chhattisgarh,31/08/2021,1004420,990426,439,13555
Dadra and Nagar Haveli and Daman and Diu,31/08/2021,10663,10653,6,4
Delhi,31/08/2021,1437736,1412280,375,25081
Goa,31/08/2021,173850,169769,883,3198
Gujarat,31/08/2021,825410,815179,150,10081
Haryana,31/08/2021,770466,760152,639,9675
Himachal Pradesh,31/08/2021,213341,208103,1643,3595
Jammu and Kashmir,31/08/2021,325253,319582,1264,4407
Jharkhand,31/08/2021,347855,342585,138,5132
Karnataka,31/08/2021,2948228,2892517,18418,37293
Kerala,31/08/2021,4027030,3796317,210040,20673
Ladakh,31/08/2021,20555,20277,71,207
Lakshadweep,31/08/2021,10345,10262,32,51
Madhya Pradesh,31/08/2021,792165,781574,75,10516
Maharashtra,31/08/2021,6460680,6268112,55359,137209
Manipur,31/08/2021,113551,108430,3340,1781
Meghalaya,31/08/2021,75735,71919,2509,1307
Mizoram,31/08/2021,59119,49798,9107,214
Nagaland,31/08/2021,30003,28619,767,617
Odisha,31/08/2021,1007112,992473,6738,7901
Puducherry,31/08/2021,123457,120978,667,1812
Punjab,31/08/2021,600576,583844,359,16373
Rajasthan,31/08/2021,954093,945030,109,8954
Sikkim,31/08/2021,29841,28285,1186,370
Tamil Nadu,31/08/2021,2613360,2561376,17085,34899
Telangana,31/08/2021,657716,647953,5891,3872
Tripura,31/08/2021,82862,81132,930,800
Uttarakhand,31/08/2021,342948,335211,356,7381
Uttar Pradesh,31/08/2021,1709271,1686182,269,22820
West Bengal,31/08/2021,1548058,1520702,8922,18434
Andaman and Nicobar Islands,01/09/2021,7566,7431,6,129
Andhra Pradesh,01/09/2021,2014116,1985566,14693,13857
Arunachal Pradesh,01/09/2021,53031,51908,863,260
Assam,01/09/2021,589426,576865,6901,5660
Bihar,01/09/2021,725708,715955,100,9653
Chandigarh,01/09/2021,65105,64252,40,813
Chhattisgarh,01/09/2021,1004451,990484,412,13555
Dadra and Nagar Haveli and Daman and Diu,01/09/2021,10663,10655,4,4
Delhi,01/09/2021,1437764,1412333,349,25082
Goa,01/09/2021,173955,169877,877,3201
Gujarat,01/09/2021,825422,815191,150,10081
Haryana,01/09/2021,770486,760175,634,9677
Himachal Pradesh,01/09/2021,213548,208308,1642,3598
Jammu and Kashmir,01/09/2021,325419,319681,1330,4408
Jharkhand,01/09/2021,347867,342605,130,5132
Karnataka,01/09/2021,2949445,2893715,18412,37318
Kerala,01/09/2021,4057233,3817004,219441,20788
Ladakh,01/09/2021,20560,20284,69,207
Lakshadweep,01/09/2021,10347,10265,31,51
Madhya Pradesh,01/09/2021,792175,781580,79,10516
Maharashtra,01/09/2021,6464876,6272800,54763,137313
Manipur,01/09/2021,113933,108754,3397,1782
Meghalaya,01/09/2021,75836,72199,2326,1311
Mizoram,01/09/2021,59119,50017,8885,217
Nagaland,01/09/2021,30083,28648,815,620
Odisha,01/09/2021,1007750,993235,6546,7969
Puducherry,01/09/2021,123572,121045,715,1812
Punjab,01/09/2021,600614,583859,324,16431
Rajasthan,01/09/2021,954095,945044,97,8954
Sikkim,01/09/2021,29878,28414,1094,370
Tamil Nadu,01/09/2021,2614872,2563101,16850,34921
Telangana,01/09/2021,658054,648317,5864,3873
Tripura,01/09/2021,82961,81244,917,800
Uttarakhand,01/09/2021,342976,335235,354,7387
Uttar Pradesh,01/09/2021,1709335,1686256,256,22823
West Bengal,01/09/2021,1548604,1521342,8815,18447
Andaman and Nicobar Islands,02/09/2021,7566,7431,6,129
Andhra Pradesh,02/09/2021,2015302,1986962,14473,13867
Arunachal Pradesh,02/09/2021,53102,51969,873,260
Assam,02/09/2021,589999,577534,6794,5671
Bihar,02/09/2021,725718,715979,86,9653
Chandigarh,02/09/2021,65108,64257,37,814
Chhattisgarh,02/09/2021,1004482,990536,391,13555
Dadra and Nagar Haveli and Daman and Diu,02/09/2021,10663,10655,4,4
Delhi,02/09/2021,1437800,1412375,343,25082
Goa,02/09/2021,174050,169959,889,3202
Gujarat,02/09/2021,825435,815201,153,10081
Haryana,02/09/2021,770506,760189,640,9677
Himachal Pradesh,02/09/2021,213799,208412,1784,3603
Jammu and Kashmir,02/09/2021,325529,319801,1319,4409
Jharkhand,02/09/2021,347894,342625,137,5132
Karnataka,02/09/2021,2950604,2894827,18438,37339
Kerala,02/09/2021,4090036,3838614,230461,20961
Ladakh,02/09/2021,20567,20289,71,207
Lakshadweep,02/09/2021,10347,10270,26,51
Madhya Pradesh,02/09/2021,792186,781587,83,10516
Maharashtra,02/09/2021,6469332,6277230,54606,137496
Manipur,02/09/2021,114203,109031,3388,1784
Meghalaya,02/09/2021,76100,72522,2263,1315
Mizoram,02/09/2021,61111,51028,9865,218
Nagaland,02/09/2021,30157,28732,805,620
Odisha,02/09/2021,1008469,993901,6546,8022
Puducherry,02/09/2021,123710,121112,785,1813
Punjab,02/09/2021,600651,583887,330,16434
Rajasthan,02/09/2021,954100,945065,81,8954
Sikkim,02/09/2021,29954,28545,1039,370
Tamil Nadu,02/09/2021,2616381,2564820,16620,34941
Telangana,02/09/2021,658376,648648,5852,3876
Tripura,02/09/2021,83065,81284,979,802
Uttarakhand,02/09/2021,343001,335249,365,7387
Uttar Pradesh,02/09/2021,1709351,1686276,250,22825
West Bengal,02/09/2021,1549283,1522023,8801,18459
Andaman and Nicobar Islands,03/09/2021,7567,7431,7,129
Andhra Pradesh,03/09/2021,2016680,1988101,14702,13877
Arunachal Pradesh,03/09/2021,53156,52066,829,261
Assam,03/09/2021,590553,578101,6775,5677
Bihar,03/09/2021,725728,715984,90,9654
Chandigarh,03/09/2021,65110,64259,37,814
Chhattisgarh,03/09/2021,1004528,990588,385,13555
Dadra and Nagar Haveli and Daman and Diu,03/09/2021,10663,10655,4,4
Delhi,03/09/2021,1437839,1412413,344,25082
Goa,03/09/2021,174146,170031,913,3202
Gujarat,03/09/2021,825445,815213,151,10081
Haryana,03/09/2021,770522,760196,647,9679
Himachal Pradesh,03/09/2021,214004,208612,1788,3604
Jammu and Kashmir,03/09/2021,325618,319889,1320,4409
Jharkhand,03/09/2021,347922,342647,143,5132
Karnataka,03/09/2021,2951844,2896079,18404,37361
Kerala,03/09/2021,4122133,3860248,240736,21149
Ladakh,03/09/2021,20573,20298,68,207
Lakshadweep,03/09/2021,10348,10272,25,51
Madhya Pradesh,03/09/2021,792197,781590,91,10516
Maharashtra,03/09/2021,6473674,6281985,54138,137551
Manipur,03/09/2021,114502,109392,3320,1790
Meghalaya,03/09/2021,76311,72714,2275,1322
Mizoram,03/09/2021,61992,51390,10383,219
Nagaland,03/09/2021,30204,28802,778,624
Odisha,03/09/2021,1009223,994639,6556,8028
Puducherry,03/09/2021,123802,121150,837,1815
Punjab,03/09/2021,600715,583927,353,16435
Rajasthan,03/09/2021,954108,945070,84,8954
Sikkim,03/09/2021,30025,28599,1055,371
Tamil Nadu,03/09/2021,2617943,2566504,16478,34961
Telangana,03/09/2021,658689,649002,5809,3878
Tripura,03/09/2021,83127,81446,878,803
Uttarakhand,03/09/2021,343034,335264,383,7387
Uttar Pradesh,03/09/2021,1709386,1686287,258,22841
West Bengal,03/09/2021,1549978,1522772,8734,18472
Andaman and Nicobar Islands,05/09/2021,7572,7436,7,129
Andhra Pradesh,05/09/2021,2019702,1990916,14883,13903
Arunachal Pradesh,05/09/2021,53302,52276,762,264
Assam,05/09/2021,591659,579563,6403,5693
Bihar,05/09/2021,725745,716025,66,9654
Chandigarh,05/09/2021,65119,64262,43,814
Chhattisgarh,05/09/2021,1004611,990674,381,13556
Dadra and Nagar Haveli and Daman and Diu,05/09/2021,10665,10656,5,4
Delhi,05/09/2021,1437929,1412493,354,25082
Goa,05/09/2021,174347,170222,922,3203
Gujarat,05/09/2021,825476,815246,148,10082
Haryana,05/09/2021,770543,760221,639,9683
Himachal Pradesh,05/09/2021,214408,209041,1758,3609
Jammu and Kashmir,05/09/2021,325830,320093,1327,4410
Jharkhand,05/09/2021,347942,342676,133,5133
Karnataka,05/09/2021,2954047,2898874,17772,37401
Kerala,05/09/2021,4181137,3909096,250619,21422
Ladakh,05/09/2021,20578,20312,59,207
Lakshadweep,05/09/2021,10348,10284,13,51
Madhya Pradesh,05/09/2021,792237,781607,114,10516
Maharashtra,05/09/2021,6482117,6288851,55559,137707
Manipur,05/09/2021,115077,110003,3278,1796
Meghalaya,05/09/2021,76767,73236,2206,1325
Mizoram,05/09/2021,63784,52581,10981,222
Nagaland,05/09/2021,30302,28925,751,626
Odisha,05/09/2021,1010753,996300,6413,8040
Puducherry,05/09/2021,124049,121296,937,1816
Punjab,05/09/2021,600780,583997,344,16439
Rajasthan,05/09/2021,954126,945086,86,8954
Sikkim,05/09/2021,30163,28807,983,373
Tamil Nadu,05/09/2021,2621086,2569771,16315,35000
Telangana,05/09/2021,659313,649757,5673,3883
Tripura,05/09/2021,83284,81689,792,803
Uttarakhand,05/09/2021,343084,335303,393,7388
Uttar Pradesh,05/09/2021,1709427,1686323,250,22854
West Bengal,05/09/2021,1551364,1524194,8679,18491
Andaman and Nicobar Islands,06/09/2021,7572,7437,6,129
Andhra Pradesh,06/09/2021,2021325,1992256,15158,13911
Arunachal Pradesh,06/09/2021,53338,52383,691,264
Assam,06/09/2021,591980,579935,6346,5699
Bihar,06/09/2021,725753,716033,65,9655
Chandigarh,06/09/2021,65121,64267,40,814
Chhattisgarh,06/09/2021,1004635,990711,368,13556
Dadra and Nagar Haveli and Daman and Diu,06/09/2021,10665,10659,2,4
Delhi,06/09/2021,1437959,1412526,351,25082
Goa,06/09/2021,174419,170311,900,3208
Gujarat,06/09/2021,825490,815262,146,10082
Haryana,06/09/2021,770557,760243,631,9683
Himachal Pradesh,06/09/2021,214504,209260,1633,3611
Jammu and Kashmir,06/09/2021,325940,320208,1322,4410
Jharkhand,06/09/2021,347957,342692,132,5133
Karnataka,06/09/2021,2955164,2900228,17527,37409
Kerala,06/09/2021,4207838,3937996,248346,21496
Ladakh,06/09/2021,20583,20319,57,207
Lakshadweep,06/09/2021,10348,10285,12,51
Madhya Pradesh,06/09/2021,792259,781621,122,10516
Maharashtra,06/09/2021,6486174,6294767,53633,137774
Manipur,06/09/2021,115399,110341,3260,1798
Meghalaya,06/09/2021,77021,73458,2234,1329
Mizoram,06/09/2021,64228,53466,10538,224
Nagaland,06/09/2021,30356,28994,736,626
Odisha,06/09/2021,1011558,997063,6448,8047
Puducherry,06/09/2021,124152,121374,961,1817
Punjab,06/09/2021,600813,584033,341,16439
Rajasthan,06/09/2021,954129,945093,82,8954
Sikkim,06/09/2021,30242,28902,967,373
Tamil Nadu,06/09/2021,2622678,2571378,16282,35018
Telangana,06/09/2021,659543,650114,5545,3884
Tripura,06/09/2021,83305,81786,716,803
Uttarakhand,06/09/2021,343100,335323,389,7388
Uttar Pradesh,06/09/2021,1709445,1686354,235,22856
West Bengal,06/09/2021,1552071,1524917,8652,18502
Andaman and Nicobar Islands,07/09/2021,7572,7437,6,129
Andhra Pradesh,07/09/2021,2022064,1993589,14550,13925
Arunachal Pradesh,07/09/2021,53408,52507,634,267
Assam,07/09/2021,592616,580491,6415,5710
Bihar,07/09/2021,725759,716048,55,9656
Chandigarh,07/09/2021,65122,64273,35,814
Chhattisgarh,07/09/2021,1004668,990757,354,13557
Dadra and Nagar Haveli and Daman and Diu,07/09/2021,10665,10659,2,4
Delhi,07/09/2021,1437991,1412542,367,25082
Goa,07/09/2021,174486,170391,885,3210
Gujarat,07/09/2021,825509,815275,152,10082
Haryana,07/09/2021,770573,760271,617,9685
Himachal Pradesh,07/09/2021,214732,209420,1699,3613
Jammu and Kashmir,07/09/2021,326033,320337,1286,4410
Jharkhand,07/09/2021,347975,342716,126,5133
Karnataka,07/09/2021,2956137,2901299,17412,37426
Kerala,07/09/2021,4227526,3966557,239338,21631
Ladakh,07/09/2021,20588,20327,54,207
Lakshadweep,07/09/2021,10348,10288,9,51
Madhya Pradesh,07/09/2021,792270,781629,125,10516
Maharashtra,07/09/2021,6489800,6300755,51234,137811
Manipur,07/09/2021,115584,110602,3180,1802
Meghalaya,07/09/2021,77144,73711,2104,1329
Mizoram,07/09/2021,65696,54056,11414,226
Nagaland,07/09/2021,30388,29045,712,631
Odisha,07/09/2021,1012167,997790,6322,8055
Puducherry,07/09/2021,124184,121452,914,1818
Punjab,07/09/2021,600849,584079,326,16444
Rajasthan,07/09/2021,954137,945097,86,8954
Sikkim,07/09/2021,30256,28968,913,375
Tamil Nadu,07/09/2021,2624234,2572942,16256,35036
Telangana,07/09/2021,659844,650453,5505,3886
Tripura,07/09/2021,83360,81866,691,803
Uttarakhand,07/09/2021,343125,335358,379,7388
Uttar Pradesh,07/09/2021,1709457,1686369,227,22861
West Bengal,07/09/2021,1552576,1525581,8480,18515
Andaman and Nicobar Islands,08/09/2021,7573,7437,7,129
Andhra Pradesh,08/09/2021,2023242,1994855,14452,13935
Arunachal Pradesh,08/09/2021,53474,52595,611,268
Assam,08/09/2021,593087,580911,6457,5719
Bihar,08/09/2021,725765,716054,55,9656
Chandigarh,08/09/2021,65124,64275,34,815
Chhattisgarh,08/09/2021,1004724,990803,364,13557
Dadra and Nagar Haveli and Daman and Diu,08/09/2021,10665,10659,2,4
Delhi,08/09/2021,1438041,1412572,386,25083
Goa,08/09/2021,174560,170496,854,3210
Gujarat,08/09/2021,825527,815296,149,10082
Haryana,08/09/2021,770584,760276,622,9686
Himachal Pradesh,08/09/2021,214911,209611,1682,3618
Jammu and Kashmir,08/09/2021,326159,320485,1264,4410
Jharkhand,08/09/2021,347989,342727,129,5133
Karnataka,08/09/2021,2956988,2902089,17458,37441
Kerala,08/09/2021,4253298,3993877,237601,21820
Ladakh,08/09/2021,20593,20338,48,207
Lakshadweep,08/09/2021,10348,10293,4,51
Madhya Pradesh,08/09/2021,792281,781638,127,10516
Maharashtra,08/09/2021,6493698,6304336,51465,137897
Manipur,08/09/2021,115866,110896,3168,1802
Meghalaya,08/09/2021,77275,74016,1924,1335
Mizoram,08/09/2021,66910,54697,11986,227
Nagaland,08/09/2021,30435,29094,709,632
Odisha,08/09/2021,1012805,998591,6152,8062
Puducherry,08/09/2021,124311,121518,974,1819
Punjab,08/09/2021,600877,584110,320,16447
Rajasthan,08/09/2021,954149,945115,80,8954
Sikkim,08/09/2021,30330,29095,859,376
Tamil Nadu,08/09/2021,2625778,2574518,16205,35055
Telangana,08/09/2021,660142,650778,5476,3888
Tripura,08/09/2021,83414,81964,647,803
Uttarakhand,08/09/2021,343139,335379,371,7389
Uttar Pradesh,08/09/2021,1709479,1686389,227,22863
West Bengal,08/09/2021,1553177,1526268,8387,18522
Andaman and Nicobar Islands,09/09/2021,7576,7438,9,129
Andhra Pradesh,09/09/2021,2024603,1996143,14510,13950
Arunachal Pradesh,09/09/2021,53551,52665,617,269
Assam,09/09/2021,593514,581493,6298,5723
Bihar,09/09/2021,725784,716062,65,9657
Chandigarh,09/09/2021,65138,64292,31,815
Chhattisgarh,09/09/2021,1004772,990825,390,13557
Dadra and Nagar Haveli and Daman and Diu,09/09/2021,10669,10659,6,4
Delhi,09/09/2021,1438082,1412585,414,25083
Goa,09/09/2021,174646,170578,856,3212
Gujarat,09/09/2021,825544,815311,151,10082
Haryana,09/09/2021,770601,760308,607,9686
Himachal Pradesh,09/09/2021,215074,209749,1703,3622
Jammu and Kashmir,09/09/2021,326310,320648,1251,4411
Jharkhand,09/09/2021,348012,342740,139,5133
Karnataka,09/09/2021,2958090,2903547,17085,37458
Kerala,09/09/2021,4283494,4021456,240037,22001
Ladakh,09/09/2021,20593,20347,39,207
Lakshadweep,09/09/2021,10349,10296,2,51
Madhya Pradesh,09/09/2021,792297,781644,137,10516
Maharashtra,09/09/2021,6497872,6308491,51419,137962
Manipur,09/09/2021,116134,111165,3164,1805
Meghalaya,09/09/2021,77471,74246,1888,1337
Mizoram,09/09/2021,67971,55438,12304,229
Nagaland,09/09/2021,30485,29144,707,634
Odisha,09/09/2021,1013567,999165,6332,8070
Puducherry,09/09/2021,124436,121631,986,1819
Punjab,09/09/2021,600914,584146,319,16449
Rajasthan,09/09/2021,954161,945125,82,8954
Sikkim,09/09/2021,30384,29146,862,376
Tamil Nadu,09/09/2021,2627365,2576112,16180,35073
Telangana,09/09/2021,660471,651085,5497,3889
Tripura,09/09/2021,83478,81999,676,803
Uttarakhand,09/09/2021,343151,335413,349,7389
Uttar Pradesh,09/09/2021,1709494,1686417,214,22863
West Bengal,09/09/2021,1553928,1527109,8288,18531
Andaman and Nicobar Islands,10/09/2021,7577,7441,7,129
Andhra Pradesh,10/09/2021,2026042,1997454,14624,13964
Arunachal Pradesh,10/09/2021,53604,52729,606,269
Assam,10/09/2021,593951,582017,6207,5727
Bihar,10/09/2021,725794,716064,72,9658
Chandigarh,10/09/2021,65142,64298,28,816
Chhattisgarh,10/09/2021,1004797,990843,396,13558
Dadra and Nagar Haveli and Daman and Diu,10/09/2021,10669,10659,6,4
Delhi,10/09/2021,1438118,1412620,415,25083
Goa,10/09/2021,174725,170635,878,3212
Gujarat,10/09/2021,825563,815331,150,10082
Haryana,10/09/2021,770614,760344,584,9686
Himachal Pradesh,10/09/2021,215235,209888,1719,3628
Jammu and Kashmir,10/09/2021,326480,320806,1263,4411
Jharkhand,10/09/2021,348039,342752,154,5133
Karnataka,10/09/2021,2959164,2904683,17019,37462
Kerala,10/09/2021,4309694,4050665,236903,22126
Ladakh,10/09/2021,20596,20349,40,207
Lakshadweep,10/09/2021,10350,10297,2,51
Madhya Pradesh,10/09/2021,792306,781656,134,10516
Maharashtra***,10/09/2021,6497872,6308491,51364,138017
Manipur,10/09/2021,116397,111373,3218,1806
Meghalaya,10/09/2021,77689,74380,1970,1339
Mizoram,10/09/2021,69026,56355,12440,231
Nagaland,10/09/2021,30510,29217,659,634
Odisha,10/09/2021,1014338,999859,6401,8078
Puducherry,10/09/2021,124518,121705,993,1820
Punjab,10/09/2021,600940,584169,320,16451
Rajasthan,10/09/2021,954168,945132,82,8954
Sikkim,10/09/2021,30444,29210,858,376
Tamil Nadu,10/09/2021,2628961,2577646,16221,35094
Telangana,10/09/2021,660786,651425,5470,3891
Tripura,10/09/2021,83523,82051,667,805
Uttarakhand,10/09/2021,343167,335447,331,7389
Uttar Pradesh,10/09/2021,1709503,1686441,199,22863
West Bengal,10/09/2021,1554652,1527867,8246,18539
Andaman and Nicobar Islands,11/09/2021,7579,7443,7,129
Andhra Pradesh,11/09/2021,2027650,1998561,15119,13970
Arunachal Pradesh,11/09/2021,53663,52811,583,269
Assam,11/09/2021,594347,582586,6029,5732
Bihar,11/09/2021,725806,716074,74,9658
Chandigarh,11/09/2021,65145,64304,25,816
Chhattisgarh,11/09/2021,1004820,990871,391,13558
Dadra and Nagar Haveli and Daman and Diu,11/09/2021,10670,10659,7,4
Delhi,11/09/2021,1438154,1412672,399,25083
Goa,11/09/2021,174770,170716,840,3214
Gujarat,11/09/2021,825584,815344,158,10082
Haryana,11/09/2021,770626,760383,557,9686
Himachal Pradesh,11/09/2021,215437,210125,1682,3630
Jammu and Kashmir,11/09/2021,326653,320948,1293,4412
Jharkhand,11/09/2021,348055,342780,142,5133
Karnataka,11/09/2021,2960131,2905604,17055,37472
Kerala,11/09/2021,4334704,4074200,238201,22303
Ladakh,11/09/2021,20600,20354,39,207
Lakshadweep,11/09/2021,10350,10297,2,51
Madhya Pradesh,11/09/2021,792311,781664,130,10517
Maharashtra***,11/09/2021,6497872,6308491,51320,138061
Manipur,11/09/2021,116607,112031,2769,1807
Meghalaya,11/09/2021,77877,74524,2007,1346
Mizoram,11/09/2021,69751,57171,12347,233
Nagaland,11/09/2021,30555,29271,650,634
Odisha,11/09/2021,1015083,1000548,6451,8084
Puducherry,11/09/2021,124629,121814,995,1820
Punjab,11/09/2021,600970,584194,323,16453
Rajasthan,11/09/2021,954175,945136,85,8954
Sikkim,11/09/2021,30501,29277,847,377
Tamil Nadu,11/09/2021,2630592,2579169,16304,35119
Telangana,11/09/2021,661006,651763,5351,3892
Tripura,11/09/2021,83553,82143,605,805
Uttarakhand,11/09/2021,343187,335479,319,7389
Uttar Pradesh,11/09/2021,1709512,1686457,191,22864
West Bengal,11/09/2021,1555405,1528633,8219,18553
Andaman and Nicobar Islands,12/09/2021,7580,7443,8,129
Andhra Pradesh,12/09/2021,2028795,1999651,15157,13987
Arunachal Pradesh,12/09/2021,53710,52879,561,270
Assam,12/09/2021,594846,583193,5913,5740
Bihar,12/09/2021,725820,716086,76,9658
Chandigarh,12/09/2021,65149,64305,28,816
Chhattisgarh,12/09/2021,1004844,990907,379,13558
Dadra and Nagar Haveli and Daman and Diu,12/09/2021,10670,10659,7,4
Delhi,12/09/2021,1438211,1412716,412,25083
Goa,12/09/2021,174799,170808,775,3216
Gujarat,12/09/2021,825600,815356,162,10082
Haryana,12/09/2021,770640,760423,531,9686
Himachal Pradesh,12/09/2021,215604,210349,1620,3635
Jammu and Kashmir,12/09/2021,326799,321086,1301,4412
Jharkhand,12/09/2021,348062,342801,128,5133
Karnataka,12/09/2021,2960932,2906746,16699,37487
Kerala,12/09/2021,4355191,4100355,232352,22484
Ladakh,12/09/2021,20601,20360,34,207
Lakshadweep,12/09/2021,10351,10297,3,51
Madhya Pradesh,12/09/2021,792327,781674,136,10517
Maharashtra***,12/09/2021,6497872,6308491,51285,138096
Manipur,12/09/2021,116899,112243,2847,1809
Meghalaya,12/09/2021,78015,74750,1913,1352
Mizoram,12/09/2021,70840,58175,12429,236
Nagaland,12/09/2021,30594,29319,639,636
Odisha,12/09/2021,1015713,1001254,6367,8092
Puducherry,12/09/2021,124675,121940,914,1821
Punjab,12/09/2021,601009,584237,319,16453
Rajasthan,12/09/2021,954184,945141,89,8954
Sikkim,12/09/2021,30565,29325,863,377
Tamil Nadu,12/09/2021,2632231,2580686,16399,35146
Telangana,12/09/2021,661302,652085,5324,3893
Tripura,12/09/2021,83597,82248,544,805
Uttarakhand,12/09/2021,343211,335502,320,7389
Uttar Pradesh,12/09/2021,1709526,1686468,184,22874
West Bengal,12/09/2021,1556157,1529387,8203,18567
Andaman and Nicobar Islands,13/09/2021,7582,7444,9,129
Andhra Pradesh,13/09/2021,2029985,2000877,15110,13998
Arunachal Pradesh,13/09/2021,53732,52936,526,270
Assam,13/09/2021,595105,583652,5702,5751
Bihar,13/09/2021,725827,716088,81,9658
Chandigarh,13/09/2021,65154,64307,30,817
Chhattisgarh,13/09/2021,1004864,990930,376,13558
Dadra and Nagar Haveli and Daman and Diu,13/09/2021,10670,10660,6,4
Delhi,13/09/2021,1438233,1412760,390,25083
Goa,13/09/2021,174837,170882,738,3217
Gujarat,13/09/2021,825617,815370,165,10082
Haryana,13/09/2021,770645,760467,492,9686
Himachal Pradesh,13/09/2021,215691,210519,1536,3636
Jammu and Kashmir,13/09/2021,326904,321205,1285,4414
Jharkhand,13/09/2021,348073,342813,127,5133
Karnataka,13/09/2021,2961735,2907548,16683,37504
Kerala,13/09/2021,4375431,4130065,222815,22551
Ladakh,13/09/2021,20604,20367,30,207
Lakshadweep,13/09/2021,10351,10297,3,51
Madhya Pradesh,13/09/2021,792341,781686,138,10517
Maharashtra***,13/09/2021,6497877,6308491,51244,138142
Manipur,13/09/2021,117094,112536,2747,1811
Meghalaya,13/09/2021,78133,74964,1813,1356
Mizoram,13/09/2021,71381,58747,12396,238
Nagaland,13/09/2021,30630,29373,618,639
Odisha,13/09/2021,1016362,1002128,6136,8098
Puducherry,13/09/2021,124775,122022,930,1823
Punjab,13/09/2021,601040,584281,306,16453
Rajasthan,13/09/2021,954190,945147,89,8954
Sikkim,13/09/2021,30624,29411,836,377
Tamil Nadu,13/09/2021,2633839,2582198,16473,35168
Telangana,13/09/2021,661551,652398,5258,3895
Tripura,13/09/2021,83620,82310,505,805
Uttarakhand,13/09/2021,343223,335522,312,7389
Uttar Pradesh,13/09/2021,1709547,1686487,177,22883
West Bengal,13/09/2021,1556908,1530144,8187,18577
Andaman and Nicobar Islands,14/09/2021,7584,7447,8,129
Andhra Pradesh,14/09/2021,2030849,2002187,14652,14010
Arunachal Pradesh,14/09/2021,53807,53004,533,270
Assam,14/09/2021,595669,584296,5615,5758
Bihar,14/09/2021,725833,716098,77,9658
Chandigarh,14/09/2021,65160,64311,32,817
Chhattisgarh,14/09/2021,1004902,990968,376,13558
Dadra and Nagar Haveli and Daman and Diu,14/09/2021,10670,10661,5,4
Delhi,14/09/2021,1438250,1412790,377,25083
Goa,14/09/2021,174891,170972,702,3217
Gujarat,14/09/2021,825629,815386,161,10082
Haryana,14/09/2021,770659,760501,351,9807
Himachal Pradesh,14/09/2021,215893,210733,1521,3639
Jammu and Kashmir,14/09/2021,326990,321329,1247,4414
Jharkhand,14/09/2021,348079,342829,117,5133
Karnataka,14/09/2021,2962408,2908622,16269,37517
Kerala,14/09/2021,4390489,4158504,209335,22650
Ladakh,14/09/2021,20608,20371,30,207
Lakshadweep,14/09/2021,10353,10297,5,51
Madhya Pradesh,14/09/2021,792353,781705,131,10517
Maharashtra,14/09/2021,6500617,6309021,53427,138169
Manipur,14/09/2021,117230,112801,2617,1812
Meghalaya,14/09/2021,78359,75141,1859,1359
Mizoram,14/09/2021,72883,59273,13369,241
Nagaland,14/09/2021,30657,29432,580,645
Odisha,14/09/2021,1016833,1002810,5919,8104
Puducherry,14/09/2021,124836,122153,860,1823
Punjab,14/09/2021,601072,584306,309,16457
Rajasthan,14/09/2021,954198,945154,90,8954
Sikkim,14/09/2021,30650,29464,809,377
Tamil Nadu,14/09/2021,2635419,2583707,16522,35190
Telangana,14/09/2021,661866,652716,5253,3897
Tripura,14/09/2021,83672,82382,485,805
Uttarakhand,14/09/2021,343242,335560,293,7389
Uttar Pradesh,14/09/2021,1709555,1686497,175,22883
West Bengal,14/09/2021,1557414,1530731,8096,18587
Andaman and Nicobar Islands,15/09/2021,7592,7448,15,129
Andhra Pradesh,15/09/2021,2031974,2003543,14412,14019
Arunachal Pradesh,15/09/2021,53872,53073,528,271
Assam,15/09/2021,596162,584729,5666,5767
Bihar,15/09/2021,725845,716113,74,9658
Chandigarh,15/09/2021,65162,64316,28,818
Chhattisgarh,15/09/2021,1004937,991007,371,13559
Dadra and Nagar Haveli and Daman and Diu,15/09/2021,10670,10661,5,4
Delhi,15/09/2021,1438288,1412805,400,25083
Goa,15/09/2021,175000,171064,717,3219
Gujarat,15/09/2021,825640,815405,153,10082
Haryana,15/09/2021,770676,760521,348,9807
Himachal Pradesh,15/09/2021,216088,210914,1532,3642
Jammu and Kashmir,15/09/2021,327140,321401,1325,4414
Jharkhand,15/09/2021,348086,342842,111,5133
Karnataka,15/09/2021,2962967,2909656,15782,37529
Kerala,15/09/2021,4406365,4184158,199428,22779
Ladakh,15/09/2021,20616,20373,36,207
Lakshadweep,15/09/2021,10353,10298,4,51
Madhya Pradesh,15/09/2021,792360,781717,126,10517
Maharashtra,15/09/2021,6504147,6312706,53220,138221
Manipur,15/09/2021,117461,113032,2614,1815
Meghalaya,15/09/2021,78486,75436,1689,1361
Mizoram,15/09/2021,74068,60297,13525,246
Nagaland,15/09/2021,30694,29477,571,646
Odisha,15/09/2021,1017261,1003603,5550,8108
Puducherry,15/09/2021,124939,122258,858,1823
Punjab,15/09/2021,601109,584326,319,16464
Rajasthan,15/09/2021,954209,945162,93,8954
Sikkim,15/09/2021,30696,29541,777,378
Tamil Nadu,15/09/2021,2637010,2585244,16549,35217
Telangana,15/09/2021,662202,653022,5282,3898
Tripura,15/09/2021,83715,82470,439,806
Uttarakhand,15/09/2021,343261,335587,285,7389
Uttar Pradesh,15/09/2021,1709587,1686522,181,22884
West Bengal,15/09/2021,1558117,1531444,8074,18599
Andaman and Nicobar Islands,16/09/2021,7592,7450,13,129
Andhra Pradesh,16/09/2021,2033419,2004786,14603,14030
Arunachal Pradesh,16/09/2021,53943,53127,545,271
Assam,16/09/2021,596606,585435,5396,5775
Bihar,16/09/2021,725852,716128,66,9658
Chandigarh,16/09/2021,65164,64317,29,818
Chhattisgarh,16/09/2021,1004957,991048,350,13559
Dadra and Nagar Haveli and Daman and Diu,16/09/2021,10670,10661,5,4
Delhi,16/09/2021,1438345,1412858,404,25083
Goa***,16/09/2021,175088,171099,700,3289
Gujarat,16/09/2021,825655,815424,149,10082
Haryana,16/09/2021,770688,760545,335,9808
Himachal Pradesh,16/09/2021,216303,211009,1650,3644
Jammu and Kashmir,16/09/2021,327296,321532,1349,4415
Jharkhand,16/09/2021,348096,342853,110,5133
Karnataka,16/09/2021,2964083,2910626,15920,37537
Kerala,16/09/2021,4424046,4209746,191313,22987
Ladakh,16/09/2021,20625,20378,40,207
Lakshadweep,16/09/2021,10353,10298,4,51
Madhya Pradesh,16/09/2021,792367,781726,124,10517
Maharashtra,16/09/2021,6507930,6317070,52583,138277
Manipur,16/09/2021,117697,113259,2621,1817
Meghalaya,16/09/2021,78729,75698,1664,1367
Mizoram,16/09/2021,75470,61247,13973,250
Nagaland,16/09/2021,30731,29566,519,646
Odisha,16/09/2021,1017718,1004164,5440,8114
Puducherry,16/09/2021,125063,122338,900,1825
Punjab,16/09/2021,601150,584361,325,16464
Rajasthan,16/09/2021,954226,945168,104,8954
Sikkim,16/09/2021,30738,29612,747,379
Tamil Nadu,16/09/2021,2638668,2586786,16636,35246
Telangana,16/09/2021,662526,653302,5325,3899
Tripura,16/09/2021,83756,82497,453,806
Uttarakhand,16/09/2021,343310,335625,296,7389
Uttar Pradesh,16/09/2021,1709605,1686538,182,22885
West Bengal,16/09/2021,1558860,1532197,8050,18613
Andaman and Nicobar Islands,17/09/2021,7595,7451,15,129
Andhra Pradesh,17/09/2021,2034786,2006034,14708,14044
Arunachal Pradesh,17/09/2021,53990,53183,536,271
Assam,17/09/2021,597074,585914,5381,5779
Bihar,17/09/2021,725864,716134,72,9658
Chandigarh,17/09/2021,65168,64319,31,818
Chhattisgarh,17/09/2021,1004988,991077,352,13559
Dadra and Nagar Haveli and Daman and Diu,17/09/2021,10670,10661,5,4
Delhi,17/09/2021,1438373,1412880,409,25084
Goa,17/09/2021,175183,171195,699,3289
Gujarat,17/09/2021,825677,815446,149,10082
Haryana,17/09/2021,770697,760562,327,9808
Himachal Pradesh,17/09/2021,216430,211215,1568,3647
Jammu and Kashmir,17/09/2021,327466,321630,1421,4415
Jharkhand,17/09/2021,348102,342867,102,5133
Karnataka,17/09/2021,2965191,2911434,16202,37555
Kerala,17/09/2021,4446228,4236309,186754,23165
Ladakh,17/09/2021,20631,20383,41,207
Lakshadweep,17/09/2021,10353,10298,4,51
Madhya Pradesh,17/09/2021,792374,781738,119,10517
Maharashtra,17/09/2021,6511525,6320310,52893,138322
Manipur,17/09/2021,117913,113478,2614,1821
Meghalaya,17/09/2021,78958,75784,1804,1370
Mizoram,17/09/2021,76591,62449,13888,254
Nagaland,17/09/2021,30763,29610,505,648
Odisha,17/09/2021,1018298,1004845,5335,8118
Puducherry,17/09/2021,125170,122380,963,1827
Punjab,17/09/2021,601180,584399,314,16467
Rajasthan,17/09/2021,954230,945173,103,8954
Sikkim,17/09/2021,30802,29648,775,379
Tamil Nadu,17/09/2021,2640361,2588334,16756,35271
Telangana,17/09/2021,662785,653603,5282,3900
Tripura,17/09/2021,83787,82553,427,807
Uttarakhand,17/09/2021,343330,335657,284,7389
Uttar Pradesh,17/09/2021,1709628,1686549,193,22886
West Bengal,17/09/2021,1559567,1532922,8025,18620
Andaman and Nicobar Islands,18/09/2021,7596,7453,14,129
Andhra Pradesh,18/09/2021,2036179,2007330,14797,14052
Arunachal Pradesh,18/09/2021,54028,53252,505,271
Assam,18/09/2021,597344,586391,5165,5788
Bihar,18/09/2021,725871,716148,65,9658
Chandigarh,18/09/2021,65172,64320,34,818
Chhattisgarh,18/09/2021,1005014,991108,346,13560
Dadra and Nagar Haveli and Daman and Diu,18/09/2021,10670,10661,5,4
Delhi,18/09/2021,1438428,1412936,407,25085
Goa,18/09/2021,175291,171270,731,3290
Gujarat,18/09/2021,825702,815466,154,10082
Haryana,18/09/2021,770705,760574,323,9808
Himachal Pradesh,18/09/2021,216639,211412,1580,3647
Jammu and Kashmir,18/09/2021,327621,321765,1440,4416
Jharkhand,18/09/2021,348111,342884,94,5133
Karnataka,18/09/2021,2966194,2912633,15988,37573
Kerala,18/09/2021,4469488,4256697,189495,23296
Ladakh,18/09/2021,20702,20386,109,207
Lakshadweep,18/09/2021,10356,10298,7,51
Madhya Pradesh,18/09/2021,792380,781754,109,10517
Maharashtra,18/09/2021,6515111,6324720,52002,138389
Manipur,18/09/2021,118121,114023,2272,1826
Meghalaya,18/09/2021,79206,75883,1952,1371
Mizoram,18/09/2021,78067,63518,14295,254
Nagaland,18/09/2021,30780,29657,471,652
Odisha,18/09/2021,1018926,1005564,5240,8122
Puducherry,18/09/2021,125256,122509,919,1828
Punjab,18/09/2021,601206,584430,309,16467
Rajasthan,18/09/2021,954238,945180,104,8954
Sikkim,18/09/2021,30839,29704,756,379
Tamil Nadu,18/09/2021,2642030,2589899,16843,35288
Telangana,18/09/2021,663026,653901,5223,3902
Tripura,18/09/2021,83809,82598,404,807
Uttarakhand,18/09/2021,343355,335684,282,7389
Uttar Pradesh,18/09/2021,1709643,1686565,191,22887
West Bengal,18/09/2021,1560286,1533649,8008,18629
Andaman and Nicobar Islands,19/09/2021,7598,7455,14,129
Andhra Pradesh,19/09/2021,2037353,2008639,14653,14061
Arunachal Pradesh,19/09/2021,54060,53328,461,271
Assam,19/09/2021,597709,586856,5063,5790
Bihar,19/09/2021,725881,716158,65,9658
Chandigarh,19/09/2021,65176,64323,35,818
Chhattisgarh,19/09/2021,1005042,991150,332,13560
Dadra and Nagar Haveli and Daman and Diu,19/09/2021,10670,10665,1,4
Delhi,19/09/2021,1438469,1412980,404,25085
Goa,19/09/2021,175414,171351,771,3292
Gujarat,19/09/2021,825715,815490,143,10082
Haryana,19/09/2021,770711,760580,323,9808
Himachal Pradesh,19/09/2021,216813,211554,1610,3649
Jammu and Kashmir,19/09/2021,327773,321878,1479,4416
Jharkhand,19/09/2021,348114,342907,74,5133
Karnataka,19/09/2021,2967083,2913713,15783,37587
Kerala,19/09/2021,4488813,4283963,181411,23439
Ladakh,19/09/2021,20702,20386,109,207
Lakshadweep,19/09/2021,10356,10299,6,51
Madhya Pradesh,19/09/2021,792386,781772,97,10517
Maharashtra,19/09/2021,6518502,6328561,51472,138469
Manipur,19/09/2021,118261,114251,2180,1830
Meghalaya,19/09/2021,79325,76075,1876,1374
Mizoram,19/09/2021,79171,64456,14456,259
Nagaland,19/09/2021,30840,29696,491,653
Odisha,19/09/2021,1019621,1005564,5929,8128
Puducherry,19/09/2021,125384,122631,924,1829
Punjab,19/09/2021,601236,584453,316,16467
Rajasthan,19/09/2021,954246,945190,102,8954
Sikkim,19/09/2021,30893,29786,728,379
Tamil Nadu,19/09/2021,2643683,2591480,16893,35310
Telangana,19/09/2021,663281,654230,5148,3903
Tripura,19/09/2021,83840,82665,367,808
Uttarakhand,19/09/2021,343376,335704,282,7390
Uttar Pradesh,19/09/2021,1709652,1686572,193,22887
West Bengal,19/09/2021,1561014,1534406,7967,18641
Andaman and Nicobar Islands,20/09/2021,7600,7458,13,129
Andhra Pradesh,20/09/2021,2038690,2009921,14699,14070
Arunachal Pradesh,20/09/2021,54070,53377,422,271
Assam,20/09/2021,597968,587115,5056,5797
Bihar,20/09/2021,725894,716165,70,9659
Chandigarh,20/09/2021,65181,64326,37,818
Chhattisgarh,20/09/2021,1005056,991191,304,13561
Dadra and Nagar Haveli and Daman and Diu,20/09/2021,10670,10665,1,4
Delhi,20/09/2021,1438497,1413025,387,25085
Goa,20/09/2021,175498,171430,774,3294
Gujarat,20/09/2021,825723,815505,136,10082
Haryana,20/09/2021,770733,760591,334,9808
Himachal Pradesh,20/09/2021,216906,211694,1562,3650
Jammu and Kashmir,20/09/2021,327941,322032,1493,4416
Jharkhand,20/09/2021,348116,342927,56,5133
Karnataka,20/09/2021,2967866,2914852,15411,37603
Kerala,20/09/2021,4508466,4310674,174201,23591
Ladakh,20/09/2021,20730,20389,134,207
Lakshadweep,20/09/2021,10356,10300,5,51
Madhya Pradesh,20/09/2021,792394,781781,96,10517
Maharashtra,20/09/2021,6521915,6336887,46510,138518
Manipur,20/09/2021,118495,114475,2189,1831
Meghalaya,20/09/2021,79493,76223,1891,1379
Mizoram,20/09/2021,79729,65336,14132,261
Nagaland,20/09/2021,30864,29727,484,653
Odisha,20/09/2021,1020244,1007066,5043,8135
Puducherry,20/09/2021,125463,122709,923,1831
Punjab,20/09/2021,601264,584479,317,16468
Rajasthan,20/09/2021,954254,945199,101,8954
Sikkim,20/09/2021,30955,29863,713,379
Tamil Nadu,20/09/2021,2645380,2593074,16969,35337
Telangana,20/09/2021,663454,654545,5005,3904
Tripura,20/09/2021,83854,82710,336,808
Uttarakhand,20/09/2021,343382,335719,273,7390
Uttar Pradesh,20/09/2021,1709669,1686584,198,22887
West Bengal,20/09/2021,1561649,1535091,7906,18652
Andaman and Nicobar Islands,21/09/2021,7600,7458,13,129
Andhra Pradesh,21/09/2021,2039529,2011063,14388,14078
Arunachal Pradesh,21/09/2021,54126,53444,410,272
Assam,21/09/2021,598423,587632,4984,5807
Bihar,21/09/2021,725901,716173,69,9659
Chandigarh,21/09/2021,65188,64329,41,818
Chhattisgarh,21/09/2021,1005094,991234,297,13563
Dadra and Nagar Haveli and Daman and Diu,21/09/2021,10670,10666,0,4
Delhi,21/09/2021,1438517,1413053,379,25085
Goa,21/09/2021,175583,171478,810,3295
Gujarat,21/09/2021,825737,815522,133,10082
Haryana,21/09/2021,770746,760598,340,9808
Himachal Pradesh,21/09/2021,217140,211871,1616,3653
Jammu and Kashmir,21/09/2021,328069,322191,1461,4417
Jharkhand,21/09/2021,348125,342937,55,5133
Karnataka,21/09/2021,2968543,2916530,14386,37627
Kerala,21/09/2021,4524158,4332897,167578,23683
Ladakh,21/09/2021,20737,20392,138,207
Lakshadweep,21/09/2021,10359,10300,8,51
Madhya Pradesh,21/09/2021,792402,781789,96,10517
Maharashtra,21/09/2021,6524498,6340723,45229,138546
Manipur,21/09/2021,118673,114658,2183,1832
Meghalaya,21/09/2021,79667,76391,1896,1380
Mizoram,21/09/2021,81460,66057,15140,263
Nagaland,21/09/2021,30907,29786,467,654
Odisha,21/09/2021,1020754,1007666,4947,8141
Puducherry,21/09/2021,125517,122818,867,1832
Punjab,21/09/2021,601323,584517,307,16499
Rajasthan,21/09/2021,954263,945218,91,8954
Sikkim,21/09/2021,30971,29937,654,380
Tamil Nadu,21/09/2021,2647041,2594697,16984,35360
Telangana,21/09/2021,663662,654765,4991,3906
Tripura,21/09/2021,83905,82750,346,809
Uttarakhand,21/09/2021,343393,335736,267,7390
Uttar Pradesh,21/09/2021,1709680,1686599,194,22887
West Bengal,21/09/2021,1562173,1535699,7810,18664
Andaman and Nicobar Islands,22/09/2021,7607,7461,17,129
Andhra Pradesh,22/09/2021,2040708,2012714,13905,14089
Arunachal Pradesh,22/09/2021,54190,53504,413,273
Assam,22/09/2021,598864,587970,5081,5813
Bihar,22/09/2021,725907,716188,60,9659
Chandigarh,22/09/2021,65195,64333,44,818
Chhattisgarh,22/09/2021,1005120,991260,297,13563
Dadra and Nagar Haveli and Daman and Diu,22/09/2021,10670,10666,0,4
Delhi,22/09/2021,1438556,1413071,400,25085
Goa,22/09/2021,175690,171507,886,3297
Gujarat,22/09/2021,825751,815536,133,10082
Haryana,22/09/2021,770754,760618,328,9808
Himachal Pradesh,22/09/2021,217403,212033,1715,3655
Jammu and Kashmir,22/09/2021,328214,322345,1450,4419
Jharkhand,22/09/2021,348139,342941,65,5133
Karnataka,22/09/2021,2969361,2917944,13769,37648
Kerala,22/09/2021,4539926,4354264,161765,23897
Ladakh,22/09/2021,20743,20392,144,207
Lakshadweep,22/09/2021,10360,10300,9,51
Madhya Pradesh,22/09/2021,792410,781803,90,10517
Maharashtra,22/09/2021,6527629,6344744,44269,138616
Manipur,22/09/2021,118870,114861,2174,1835
Meghalaya,22/09/2021,79817,76558,1878,1381
Mizoram,22/09/2021,82815,67184,15363,268
Nagaland,22/09/2021,30959,29832,470,657
Odisha,22/09/2021,1021216,1008226,4844,8146
Puducherry,22/09/2021,125618,122864,922,1832
Punjab,22/09/2021,601359,584554,304,16501
Rajasthan,22/09/2021,954275,945222,99,8954
Sikkim,22/09/2021,31014,30007,627,380
Tamil Nadu,22/09/2021,2648688,2596316,16993,35379
Telangana,22/09/2021,663906,655061,4938,3907
Tripura,22/09/2021,83956,82794,353,809
Uttarakhand,22/09/2021,343405,335765,249,7391
Uttar Pradesh,22/09/2021,1709693,1686612,194,22887
West Bengal,22/09/2021,1562710,1536291,7741,18678
Andaman and Nicobar Islands,23/09/2021,7615,7466,20,129
Andhra Pradesh,23/09/2021,2042073,2014180,13796,14097
Arunachal Pradesh,23/09/2021,54241,53526,442,273
Assam,23/09/2021,599271,588574,4880,5817
Bihar,23/09/2021,725918,716199,60,9659
Chandigarh,23/09/2021,65201,64338,44,819
Chhattisgarh,23/09/2021,1005146,991283,300,13563
Dadra and Nagar Haveli and Daman and Diu,23/09/2021,10670,10666,0,4
Delhi,23/09/2021,1438586,1413090,411,25085
Goa,23/09/2021,175792,171545,950,3297
Gujarat,23/09/2021,825771,815556,133,10082
Haryana,23/09/2021,770770,760629,332,9809
Himachal Pradesh,23/09/2021,217615,212133,1823,3659
Jammu and Kashmir,23/09/2021,328418,322463,1536,4419
Jharkhand,23/09/2021,348146,342950,63,5133
Karnataka,23/09/2021,2970208,2918890,13650,37668
Kerala,23/09/2021,4559601,4373966,161596,24039
Ladakh,23/09/2021,20750,20395,148,207
Lakshadweep,23/09/2021,10361,10300,10,51
Madhya Pradesh,23/09/2021,792422,781815,90,10517
Maharashtra,23/09/2021,6531237,6349029,43544,138664
Manipur,23/09/2021,119041,114991,2214,1836
Meghalaya,23/09/2021,79983,76730,1868,1385
Mizoram,23/09/2021,84109,68199,15638,272
Nagaland,23/09/2021,30990,29873,459,658
Odisha,23/09/2021,1021950,1008671,5129,8150
Puducherry,23/09/2021,125735,122956,945,1834
Punjab,23/09/2021,601401,584576,324,16501
Rajasthan,23/09/2021,954282,945230,98,8954
Sikkim,23/09/2021,31074,30051,642,381
Tamil Nadu,23/09/2021,2650370,2597943,17027,35400
Telangana,23/09/2021,664164,655310,4946,3908
Tripura,23/09/2021,83981,82825,346,810
Uttarakhand,23/09/2021,343428,335781,256,7391
Uttar Pradesh,23/09/2021,1709708,1686624,196,22888
West Bengal,23/09/2021,1563393,1536978,7724,18691
Andaman and Nicobar Islands,24/09/2021,7616,7470,17,129
Andhra Pradesh,24/09/2021,2043244,2015387,13749,14108
Arunachal Pradesh,24/09/2021,54285,53584,428,273
Assam,24/09/2021,599642,589129,4686,5827
Bihar,24/09/2021,725922,716206,56,9660
Chandigarh,24/09/2021,65202,64343,40,819
Chhattisgarh,24/09/2021,1005176,991306,307,13563
Dadra and Nagar Haveli and Daman and Diu,24/09/2021,10670,10666,0,4
Delhi,24/09/2021,1438634,1413116,433,25085
Goa,24/09/2021,175872,171599,976,3297
Gujarat,24/09/2021,825797,815575,140,10082
Haryana,24/09/2021,770784,760639,336,9809
Himachal Pradesh,24/09/2021,217776,212336,1778,3662
Jammu and Kashmir,24/09/2021,328590,322554,1617,4419
Jharkhand,24/09/2021,348162,342964,65,5133
Karnataka,24/09/2021,2971044,2919742,13619,37683
Kerala,24/09/2021,4579283,4394476,160616,24191
Ladakh,24/09/2021,20771,20400,164,207
Lakshadweep,24/09/2021,10361,10302,8,51
Madhya Pradesh,24/09/2021,792435,781825,93,10517
Maharashtra,24/09/2021,6534557,6353079,42753,138725
Manipur,24/09/2021,119235,115127,2270,1838
Meghalaya,24/09/2021,80246,76892,1968,1386
Mizoram,24/09/2021,85366,69333,15752,281
Nagaland,24/09/2021,31027,29900,467,660
Odisha,24/09/2021,1022594,1009088,5349,8157
Puducherry,24/09/2021,125826,123023,969,1834
Punjab,24/09/2021,601422,584619,300,16503
Rajasthan,24/09/2021,954285,945237,94,8954
Sikkim,24/09/2021,31136,30110,644,382
Tamil Nadu,24/09/2021,2652115,2599567,17121,35427
Telangana,24/09/2021,664411,655625,4877,3909
Tripura,24/09/2021,84014,82873,331,810
Uttarakhand,24/09/2021,343445,335805,249,7391
Uttar Pradesh,24/09/2021,1709719,1686644,186,22889
West Bengal,24/09/2021,1564139,1537732,7704,18703
